viewer_id,name,age,country,subscription_type,city
1,Mia Gonzalez,25,USA,Basic,Toronto
2,Mark Anderson,20,India,Premium,New York
3,Robert Wilson,38,UK,Premium,Seoul
4,Paul Gonzalez,68,Germany,Premium,Toronto
5,Emma Smith,24,India,Standard,Mumbai
6,Isabella Smith,54,Canada,Basic,Mexico City
7,David Brown,58,India,Basic,Chicago
8,Charlotte Thomas,62,UK,Basic,London
9,John Moore,63,UK,Basic,Mexico City
10,Jane Thomas,39,Germany,Basic,Paris
11,Mia Anderson,40,USA,Premium,Bangkok
12,James Jackson,67,Germany,Standard,Seoul
13,Mia Gonzalez,62,Canada,Standard,Seoul
14,Robert Moore,37,USA,Premium,Sydney
15,Harper Miller,57,Canada,Basic,Seoul
16,David Martin,30,UK,Premium,Chicago
17,Michael Thomas,68,Canada,Basic,Hong Kong
18,David Jackson,61,Germany,Standard,Tokyo
19,Harper Lopez,39,USA,Premium,Sydney
20,Michael Taylor,48,USA,Basic,Sydney
21,Olivia Gonzalez,29,Canada,Basic,New York
22,Anthony Davis,18,Canada,Standard,Paris
23,Amelia Smith,37,Canada,Premium,Singapore
24,Mia Smith,68,USA,Basic,Toronto
25,Christopher Thomas,31,India,Basic,Mexico City
26,Sophia Gonzalez,30,India,Basic,Mexico City
27,Paul Rodriguez,55,USA,Basic,Cape Town
28,Anthony Martinez,39,USA,Basic,Sydney
29,Jane Garcia,28,Canada,Premium,New York
30,John Gonzalez,35,Germany,Premium,New York
31,Olivia Taylor,49,India,Standard,Mumbai
32,Olivia Martinez,46,Canada,Basic,Dubai
33,Isabella Williams,24,India,Standard,Mumbai
34,Olivia Wilson,18,Canada,Basic,Istanbul
35,James Brown,30,Canada,Basic,Tokyo
36,Mark Rodriguez,30,Germany,Standard,Toronto
37,Harper Davis,49,USA,Premium,Singapore
38,Mia Hernandez,67,Canada,Premium,Cape Town
39,James Brown,48,Canada,Premium,Hong Kong
40,David Gonzalez,58,India,Basic,Singapore
41,Olivia Miller,34,Germany,Standard,Madrid
42,Paul Williams,18,India,Basic,San Francisco
43,Christopher Davis,46,USA,Premium,Istanbul
44,Sophia Johnson,37,USA,Standard,Istanbul
45,James Lopez,33,USA,Basic,Seoul
46,Sophia Smith,24,India,Standard,London
47,William Williams,30,Canada,Premium,Seoul
48,David Moore,53,USA,Basic,Berlin
49,Olivia Miller,37,Germany,Basic,Bangkok
50,Mark Brown,54,Canada,Premium,London
51,Emma Jackson,70,UK,Standard,Singapore
52,Evelyn Taylor,37,Germany,Premium,San Francisco
53,Robert Smith,20,UK,Premium,Toronto
54,Emma Davis,45,India,Premium,Sao Paulo
55,Amelia Garcia,64,India,Basic,Toronto
56,Evelyn Moore,21,USA,Premium,Hong Kong
57,James Moore,34,Canada,Standard,Cape Town
58,James Hernandez,62,Germany,Standard,Mexico City
59,Harper Hernandez,30,Canada,Basic,Dubai
60,Harper Martinez,40,Canada,Basic,Paris
61,Evelyn Brown,39,USA,Premium,San Francisco
62,Mark Martin,46,Germany,Standard,Dubai
63,Michael Martinez,33,Canada,Basic,Bangkok
64,Paul Smith,48,India,Premium,Singapore
65,Olivia Brown,37,India,Standard,New York
66,Charlotte Martin,67,USA,Premium,Mexico City
67,Anthony Moore,29,Canada,Standard,Berlin
68,Michael Moore,27,Germany,Premium,Singapore
69,William Jackson,67,UK,Premium,Sydney
70,Michael Garcia,23,Canada,Premium,Hong Kong
71,Michael Jones,57,Germany,Basic,San Francisco
72,Robert Brown,30,Germany,Premium,Hong Kong
73,Jane Johnson,32,Canada,Standard,San Francisco
74,Michael Jones,48,UK,Basic,Paris
75,Mark Williams,62,Canada,Basic,San Francisco
76,Robert Gonzalez,24,Canada,Basic,Seoul
77,David Martin,20,Germany,Standard,Sao Paulo
78,David Moore,68,Canada,Premium,Hong Kong
79,Harper Miller,35,UK,Standard,Singapore
80,Paul Anderson,67,Germany,Basic,Mexico City
81,John Brown,21,UK,Standard,Mexico City
82,Harper Miller,52,USA,Basic,Seoul
83,Evelyn Taylor,31,Germany,Basic,Hong Kong
84,Mia Brown,66,UK,Standard,Seoul
85,Paul Anderson,43,India,Standard,Berlin
86,Mia Johnson,54,Canada,Basic,San Francisco
87,David Williams,51,UK,Basic,Paris
88,Mia Martinez,30,UK,Premium,San Francisco
89,Robert Thomas,50,Canada,Standard,Cape Town
90,Charlotte Garcia,47,UK,Premium,Mexico City
91,Paul Jones,30,UK,Basic,London
92,John Taylor,23,Germany,Premium,Toronto
93,James Hernandez,26,USA,Basic,Tokyo
94,David Taylor,33,UK,Basic,New York
95,Christopher Jackson,30,India,Basic,London
96,Charlotte Garcia,35,USA,Basic,Tokyo
97,Christopher Johnson,35,Germany,Basic,Seoul
98,William Miller,40,Canada,Basic,London
99,Michael Anderson,52,India,Standard,Singapore
100,Robert Anderson,54,USA,Basic,Tokyo
101,David Taylor,29,India,Standard,Hong Kong
102,Sophia Taylor,57,USA,Premium,Berlin
103,Isabella Rodriguez,43,Germany,Premium,Singapore
104,Mark Hernandez,34,USA,Premium,Madrid
105,Emma Smith,61,India,Standard,Dubai
106,Mia Rodriguez,53,USA,Basic,Singapore
107,Sophia Martinez,50,USA,Premium,New York
108,Sophia Gonzalez,41,India,Premium,Berlin
109,Jane Martinez,37,UK,Basic,Singapore
110,Evelyn Williams,53,Canada,Basic,Seoul
111,Mia Hernandez,28,India,Basic,Berlin
112,John Thomas,34,UK,Basic,Tokyo
113,Sophia Johnson,19,UK,Standard,Madrid
114,Mia Smith,32,USA,Basic,Sydney
115,Robert Miller,54,Germany,Basic,Berlin
116,Isabella Brown,35,USA,Premium,San Francisco
117,David Miller,61,Germany,Premium,Chicago
118,Mia Anderson,28,Germany,Basic,Bangkok
119,Christopher Martin,30,Canada,Premium,Sao Paulo
120,Paul Wilson,62,USA,Basic,Sao Paulo
121,John Johnson,38,UK,Basic,London
122,Sophia Jackson,27,USA,Standard,Chicago
123,Paul Brown,27,UK,Premium,Chicago
124,Harper Garcia,59,UK,Premium,Mexico City
125,Evelyn Davis,22,India,Basic,Cape Town
126,James Hernandez,31,USA,Basic,Sao Paulo
127,John Hernandez,61,Germany,Standard,Madrid
128,Charlotte Moore,42,Germany,Basic,Seoul
129,Robert Gonzalez,33,Germany,Basic,Dubai
130,Christopher Rodriguez,20,USA,Standard,Istanbul
131,Amelia Smith,43,Germany,Premium,Toronto
132,Sophia Rodriguez,54,USA,Basic,Cape Town
133,Harper Thomas,31,UK,Basic,Seoul
134,Evelyn Wilson,53,Canada,Premium,Seoul
135,Harper Jones,23,UK,Premium,Sydney
136,John Miller,60,Germany,Basic,Bangkok
137,Charlotte Smith,18,India,Basic,Berlin
138,Charlotte Thomas,34,Canada,Standard,Mumbai
139,William Gonzalez,47,USA,Basic,London
140,Charlotte Hernandez,34,Canada,Basic,Madrid
141,Mark Lopez,59,Germany,Premium,Cape Town
142,Sophia Rodriguez,59,India,Premium,Singapore
143,Mark Thomas,37,Canada,Standard,Istanbul
144,William Moore,55,UK,Standard,Sao Paulo
145,William Lopez,44,UK,Basic,Singapore
146,David Anderson,24,Canada,Standard,Hong Kong
147,Isabella Johnson,50,UK,Standard,Paris
148,Paul Thomas,60,USA,Standard,Hong Kong
149,Harper Johnson,21,USA,Basic,Sao Paulo
150,William Martinez,68,Canada,Standard,Berlin
151,John Thomas,36,USA,Standard,Paris
152,James Gonzalez,44,USA,Premium,San Francisco
153,Robert Gonzalez,26,Canada,Basic,Bangkok
154,Mia Williams,38,USA,Basic,Seoul
155,Mark Jones,38,India,Standard,New York
156,Sophia Taylor,52,Canada,Premium,Chicago
157,Mark Anderson,42,Canada,Basic,Hong Kong
158,Amelia Jones,60,Germany,Standard,Mexico City
159,Mia Davis,42,UK,Standard,Bangkok
160,David Davis,22,Germany,Standard,New York
161,Anthony Miller,38,Canada,Basic,Dubai
162,Mark Anderson,39,USA,Basic,Bangkok
163,Sophia Martinez,36,Canada,Basic,Madrid
164,Emma Brown,19,UK,Standard,Istanbul
165,William Wilson,26,Germany,Standard,Mexico City
166,Olivia Brown,47,Germany,Premium,Paris
167,David Miller,47,USA,Standard,Bangkok
168,Emma Johnson,53,UK,Basic,San Francisco
169,Paul Martinez,69,Canada,Basic,Toronto
170,Paul Miller,26,USA,Premium,Chicago
171,William Davis,18,UK,Standard,Toronto
172,Charlotte Johnson,59,USA,Standard,Mumbai
173,Paul Hernandez,27,Canada,Basic,Hong Kong
174,Evelyn Miller,31,Germany,Standard,Bangkok
175,James Garcia,38,Canada,Premium,Seoul
176,Evelyn Moore,48,UK,Basic,Istanbul
177,Sophia Lopez,37,USA,Premium,San Francisco
178,William Taylor,26,Canada,Premium,Paris
179,Isabella Martinez,69,Germany,Standard,Madrid
180,Jane Martin,33,India,Standard,Hong Kong
181,James Brown,59,India,Standard,Mexico City
182,Sophia Wilson,53,UK,Standard,Mumbai
183,Robert Anderson,48,USA,Basic,Dubai
184,Christopher Johnson,18,Canada,Basic,Chicago
185,Jane Smith,69,USA,Basic,Mexico City
186,Paul Thomas,50,USA,Premium,Mexico City
187,John Taylor,25,UK,Premium,Hong Kong
188,David Miller,61,USA,Standard,Berlin
189,Mia Smith,29,UK,Basic,Berlin
190,Paul Davis,58,UK,Premium,Madrid
191,Amelia Jackson,60,UK,Basic,Bangkok
192,Emma Thomas,43,USA,Standard,New York
193,Michael Johnson,42,UK,Premium,Berlin
194,Mia Williams,23,India,Basic,Bangkok
195,Robert Jackson,68,Germany,Premium,Singapore
196,Harper Wilson,53,India,Basic,Tokyo
197,Evelyn Thomas,24,Canada,Basic,Sao Paulo
198,Amelia Martin,20,Canada,Standard,Madrid
199,Jane Anderson,49,Germany,Standard,Mexico City
200,Harper Moore,26,India,Standard,Sao Paulo
201,Olivia Johnson,26,USA,Basic,Singapore
202,Paul Anderson,58,UK,Standard,Berlin
203,William Martin,66,Canada,Premium,Mexico City
204,Mia Davis,44,UK,Standard,Toronto
205,Mark Jackson,52,USA,Standard,Paris
206,Olivia Wilson,59,Canada,Basic,Sydney
207,Harper Wilson,58,UK,Standard,Sydney
208,John Moore,59,USA,Basic,Dubai
209,Isabella Anderson,69,UK,Standard,Chicago
210,Michael Lopez,63,Germany,Basic,Cape Town
211,Jane Wilson,37,USA,Premium,Singapore
212,John Miller,64,Germany,Standard,Mexico City
213,Christopher Davis,19,USA,Premium,Berlin
214,Michael Moore,61,UK,Basic,Singapore
215,Anthony Gonzalez,43,USA,Standard,Toronto
216,Michael Jones,54,UK,Standard,Dubai
217,Anthony Thomas,39,Canada,Standard,San Francisco
218,Mia Jones,36,Canada,Premium,San Francisco
219,James Jackson,63,Germany,Standard,New York
220,Mark Gonzalez,30,India,Standard,Madrid
221,James Martin,37,UK,Basic,Bangkok
222,John Jones,29,USA,Standard,New York
223,Isabella Moore,46,India,Premium,Singapore
224,Isabella Wilson,59,Germany,Basic,Tokyo
225,Emma Gonzalez,29,India,Premium,Chicago
226,William Lopez,55,UK,Basic,Paris
227,David Martinez,62,UK,Basic,Bangkok
228,Anthony Davis,59,USA,Basic,Paris
229,Sophia Thomas,64,UK,Premium,Berlin
230,Isabella Gonzalez,64,India,Premium,Chicago
231,Amelia Williams,32,India,Premium,Toronto
232,Amelia Wilson,28,UK,Standard,Singapore
233,Amelia Garcia,50,USA,Standard,Berlin
234,David Jones,62,USA,Basic,Paris
235,Emma Miller,31,UK,Basic,Bangkok
236,Christopher Smith,20,USA,Standard,Mexico City
237,David Davis,54,India,Standard,Cape Town
238,Jane Taylor,58,India,Standard,Mumbai
239,Christopher Moore,27,UK,Premium,Berlin
240,Christopher Rodriguez,55,USA,Basic,Mumbai
241,Mia Gonzalez,67,Germany,Standard,Singapore
242,Emma Jones,59,UK,Standard,Berlin
243,Evelyn Anderson,49,UK,Basic,Mumbai
244,Mark Williams,23,India,Premium,Sydney
245,Mia Williams,27,Germany,Basic,Singapore
246,William Brown,62,USA,Basic,Seoul
247,Paul Gonzalez,46,Canada,Basic,Cape Town
248,Isabella Lopez,32,USA,Standard,Cape Town
249,Anthony Anderson,53,USA,Basic,London
250,Michael Martin,48,Canada,Standard,Sydney
251,Amelia Hernandez,68,Germany,Premium,Istanbul
252,Evelyn Garcia,56,UK,Premium,New York
253,William Moore,61,Germany,Standard,New York
254,Emma Martinez,58,UK,Basic,Madrid
255,William Garcia,48,Germany,Premium,Toronto
256,Isabella Johnson,70,UK,Standard,Madrid
257,Anthony Williams,53,India,Premium,Istanbul
258,Robert Lopez,48,Canada,Standard,Sydney
259,Paul Martin,61,USA,Premium,Chicago
260,William Wilson,27,India,Basic,Dubai
261,James Gonzalez,56,India,Standard,Singapore
262,Sophia Jones,44,Germany,Premium,Istanbul
263,Olivia Anderson,55,Canada,Premium,Toronto
264,Michael Wilson,40,Germany,Standard,Toronto
265,Amelia Smith,36,Germany,Premium,Berlin
266,William Martinez,58,USA,Premium,Istanbul
267,Christopher Brown,34,Canada,Premium,Hong Kong
268,Olivia Martinez,42,Germany,Basic,Mumbai
269,Christopher Johnson,31,Germany,Standard,Tokyo
270,Robert Brown,45,USA,Basic,Tokyo
271,Isabella Taylor,23,USA,Standard,Toronto
272,Emma Williams,38,India,Basic,Chicago
273,Mark Hernandez,69,Germany,Premium,Istanbul
274,Olivia Taylor,50,UK,Standard,Sao Paulo
275,Robert Johnson,23,UK,Basic,Mexico City
276,Isabella Moore,43,UK,Basic,Chicago
277,Mark Williams,20,USA,Premium,Chicago
278,Mia Brown,55,USA,Basic,Berlin
279,Christopher Brown,50,Germany,Basic,Dubai
280,Mia Johnson,28,India,Premium,Seoul
281,Sophia Anderson,36,Canada,Basic,Dubai
282,Charlotte Brown,18,UK,Standard,London
283,Isabella Taylor,41,India,Premium,New York
284,Olivia Taylor,54,Canada,Premium,Toronto
285,Amelia Miller,40,USA,Premium,Toronto
286,Harper Martin,61,India,Premium,Istanbul
287,Sophia Williams,18,USA,Standard,Madrid
288,Jane Lopez,51,Canada,Premium,New York
289,John Garcia,62,USA,Premium,Sao Paulo
290,Amelia Garcia,54,India,Basic,Toronto
291,Evelyn Thomas,28,India,Standard,Berlin
292,James Martinez,44,UK,Basic,Seoul
293,Christopher Moore,70,USA,Basic,Paris
294,Paul Garcia,64,UK,Premium,Mexico City
295,Emma Johnson,18,India,Premium,Mumbai
296,Paul Hernandez,29,Canada,Basic,Toronto
297,James Moore,49,Germany,Basic,Istanbul
298,Paul Jones,31,USA,Basic,New York
299,Mark Smith,32,India,Premium,Sao Paulo
300,Michael Wilson,66,India,Basic,Toronto
301,Robert Jones,47,USA,Basic,Bangkok
302,Anthony Smith,61,Canada,Standard,New York
303,Robert Brown,63,UK,Standard,Cape Town
304,Michael Jones,32,USA,Basic,San Francisco
305,Charlotte Jackson,61,Canada,Basic,Bangkok
306,Paul Davis,22,UK,Standard,Cape Town
307,Evelyn Brown,29,USA,Basic,London
308,David Miller,29,UK,Standard,Madrid
309,Charlotte Williams,53,Germany,Premium,San Francisco
310,James Lopez,51,India,Premium,San Francisco
311,Michael Hernandez,37,USA,Basic,Sydney
312,William Johnson,31,USA,Standard,Tokyo
313,Mia Wilson,32,USA,Premium,London
314,Paul Taylor,48,UK,Standard,Mexico City
315,James Thomas,27,Germany,Basic,Istanbul
316,Paul Brown,26,Canada,Standard,Mumbai
317,Jane Moore,52,USA,Standard,Singapore
318,Mia Jones,46,Germany,Standard,New York
319,Evelyn Martinez,61,Germany,Standard,Sao Paulo
320,Michael Gonzalez,37,Canada,Premium,Dubai
321,Sophia Johnson,53,USA,Standard,Madrid
322,William Lopez,35,USA,Basic,Madrid
323,Christopher Taylor,40,USA,Standard,Singapore
324,Emma Miller,19,USA,Basic,Mexico City
325,Isabella Brown,30,Germany,Standard,Hong Kong
326,Christopher Thomas,68,UK,Premium,London
327,James Moore,20,India,Standard,San Francisco
328,Christopher Smith,28,Canada,Premium,San Francisco
329,Paul Moore,70,India,Premium,Sao Paulo
330,Sophia Hernandez,65,Canada,Basic,Cape Town
331,Michael Garcia,61,Germany,Basic,San Francisco
332,Emma Anderson,24,UK,Basic,Istanbul
333,Sophia Martin,29,USA,Premium,London
334,Isabella Hernandez,64,USA,Standard,Mexico City
335,Olivia Lopez,49,India,Basic,Tokyo
336,Robert Jackson,57,India,Standard,Hong Kong
337,Charlotte Jackson,69,USA,Standard,Seoul
338,Olivia Hernandez,32,Canada,Basic,Seoul
339,Jane Gonzalez,38,Germany,Premium,Istanbul
340,Mark Taylor,50,Canada,Basic,Istanbul
341,William Martinez,69,Germany,Premium,Seoul
342,Mia Miller,54,USA,Standard,Paris
343,Jane Davis,59,Canada,Premium,Mumbai
344,Amelia Jackson,26,USA,Premium,Paris
345,Sophia Rodriguez,57,USA,Basic,Dubai
346,Charlotte Jackson,22,UK,Premium,New York
347,Christopher Anderson,51,India,Basic,Paris
348,Olivia Smith,28,USA,Standard,Tokyo
349,Harper Williams,19,UK,Standard,San Francisco
350,Harper Davis,69,India,Premium,San Francisco
351,Robert Taylor,55,Canada,Premium,Sao Paulo
352,Robert Martinez,66,Germany,Basic,Seoul
353,Evelyn Wilson,45,Germany,Standard,London
354,Emma Johnson,32,USA,Standard,Sydney
355,Isabella Brown,25,USA,Basic,Sydney
356,Mark Moore,35,USA,Standard,Madrid
357,Harper Davis,47,USA,Basic,Paris
358,Anthony Brown,53,UK,Premium,Sydney
359,Charlotte Miller,47,India,Basic,Seoul
360,Jane Anderson,33,Canada,Basic,Madrid
361,Sophia Miller,59,India,Basic,Seoul
362,Anthony Thomas,33,Germany,Premium,Berlin
363,Emma Anderson,49,Germany,Standard,Toronto
364,Mark Garcia,48,Germany,Premium,San Francisco
365,Mark Thomas,58,Canada,Basic,Tokyo
366,Isabella Garcia,28,USA,Standard,Madrid
367,William Gonzalez,18,UK,Premium,Dubai
368,Paul Taylor,62,Canada,Basic,Seoul
369,Jane Lopez,69,USA,Basic,Mumbai
370,Emma Gonzalez,47,India,Standard,Cape Town
371,Emma Lopez,39,Canada,Standard,Dubai
372,Isabella Hernandez,66,UK,Standard,Bangkok
373,Evelyn Lopez,65,UK,Standard,Madrid
374,Anthony Brown,30,USA,Premium,Toronto
375,Isabella Brown,61,Germany,Basic,Madrid
376,Olivia Thomas,32,Germany,Standard,Tokyo
377,Evelyn Anderson,23,Canada,Standard,Mexico City
378,Mark Jones,31,India,Basic,London
379,Charlotte Martin,27,USA,Standard,Dubai
380,William Martin,50,UK,Basic,Istanbul
381,John Moore,65,Germany,Basic,Hong Kong
382,Paul Martinez,28,USA,Basic,Chicago
383,John Rodriguez,43,Germany,Basic,Sao Paulo
384,Paul Thomas,19,UK,Standard,Berlin
385,Michael Gonzalez,40,USA,Basic,Berlin
386,Michael Martinez,30,Germany,Standard,Dubai
387,David Smith,53,India,Premium,Chicago
388,Emma Jackson,45,India,Standard,Paris
389,Robert Martinez,39,Germany,Basic,Toronto
390,John Rodriguez,18,Germany,Standard,Seoul
391,Jane Lopez,56,USA,Basic,Sydney
392,Sophia Moore,43,UK,Basic,Sydney
393,William Brown,69,India,Standard,Dubai
394,Charlotte Wilson,61,India,Standard,Sao Paulo
395,Mark Anderson,66,UK,Premium,Madrid
396,Michael Moore,69,UK,Premium,New York
397,Olivia Davis,68,Germany,Standard,Dubai
398,Mark Martinez,24,Canada,Standard,San Francisco
399,Robert Smith,35,USA,Premium,Singapore
400,David Martin,53,USA,Basic,Istanbul
401,Olivia Garcia,49,UK,Premium,Sydney
402,Sophia Rodriguez,48,Canada,Standard,Cape Town
403,Christopher Hernandez,69,India,Basic,Berlin
404,Charlotte Thomas,43,India,Premium,Mumbai
405,John Moore,63,Germany,Premium,Mexico City
406,Mark Moore,44,Germany,Premium,Singapore
407,Sophia Rodriguez,29,USA,Premium,Bangkok
408,James Miller,65,India,Premium,Singapore
409,James Garcia,62,Germany,Premium,Mumbai
410,Evelyn Johnson,44,Canada,Premium,Bangkok
411,John Jackson,18,Canada,Basic,Mumbai
412,Charlotte Taylor,46,UK,Premium,Toronto
413,Evelyn Martinez,54,USA,Standard,Hong Kong
414,John Jones,53,Canada,Basic,Cape Town
415,William Wilson,24,India,Premium,Sao Paulo
416,Anthony Williams,68,Germany,Standard,Madrid
417,Paul Martinez,30,India,Premium,Berlin
418,John Lopez,69,USA,Standard,New York
419,James Jones,62,USA,Standard,Toronto
420,John Rodriguez,38,Germany,Standard,Madrid
421,Christopher Gonzalez,67,UK,Premium,Mumbai
422,Robert Martinez,34,Canada,Standard,Mexico City
423,Amelia Wilson,36,Germany,Premium,San Francisco
424,Mark Wilson,34,USA,Premium,New York
425,Mark Lopez,68,UK,Premium,New York
426,Robert Taylor,46,UK,Basic,Madrid
427,Anthony Jackson,48,UK,Standard,Chicago
428,William Taylor,36,USA,Standard,Madrid
429,Mia Smith,33,UK,Premium,Seoul
430,Christopher Taylor,18,India,Standard,Dubai
431,Michael Martin,18,India,Premium,Dubai
432,Robert Martinez,32,UK,Basic,Chicago
433,Isabella Johnson,47,India,Premium,New York
434,Mark Williams,70,UK,Standard,Toronto
435,Harper Johnson,40,India,Premium,Singapore
436,William Gonzalez,38,India,Basic,Dubai
437,Amelia Brown,64,Canada,Standard,Dubai
438,Amelia Gonzalez,32,India,Standard,Hong Kong
439,Olivia Lopez,63,USA,Premium,Mexico City
440,Christopher Wilson,65,Canada,Premium,Seoul
441,James Gonzalez,35,USA,Standard,Toronto
442,Harper Rodriguez,65,UK,Premium,New York
443,Paul Garcia,22,UK,Premium,San Francisco
444,Robert Taylor,39,Germany,Standard,Cape Town
445,John Rodriguez,41,USA,Premium,Berlin
446,Evelyn Davis,47,India,Basic,Madrid
447,Olivia Taylor,59,USA,Premium,Singapore
448,Harper Rodriguez,27,USA,Premium,Istanbul
449,Amelia Williams,68,Canada,Standard,Toronto
450,Amelia Hernandez,49,Germany,Standard,Sydney
451,Isabella Anderson,36,Canada,Basic,Toronto
452,Robert Moore,60,India,Standard,Bangkok
453,Amelia Garcia,47,Canada,Basic,Istanbul
454,James Martinez,68,USA,Basic,Istanbul
455,Christopher Brown,57,Canada,Standard,Berlin
456,Olivia Rodriguez,37,UK,Standard,Cape Town
457,Mark Smith,50,India,Standard,Dubai
458,Sophia Garcia,46,USA,Premium,Paris
459,David Anderson,68,UK,Basic,Seoul
460,Emma Johnson,42,Canada,Basic,Sao Paulo
461,Anthony Martinez,57,Canada,Basic,Seoul
462,Paul Davis,28,Canada,Premium,Singapore
463,Mia Davis,43,Germany,Premium,Berlin
464,Sophia Wilson,65,Germany,Basic,Mexico City
465,Charlotte Martin,55,UK,Standard,Chicago
466,Evelyn Lopez,31,USA,Basic,Cape Town
467,James Lopez,26,Germany,Premium,Istanbul
468,James Wilson,21,Germany,Basic,Hong Kong
469,Amelia Hernandez,39,UK,Basic,Chicago
470,Evelyn Davis,35,USA,Standard,Cape Town
471,Evelyn Martinez,30,USA,Premium,Sao Paulo
472,Jane Martin,49,India,Premium,Singapore
473,Mia Martinez,51,India,Premium,Hong Kong
474,John Hernandez,38,Germany,Standard,Seoul
475,Mia Taylor,58,USA,Premium,San Francisco
476,Harper Lopez,40,Germany,Basic,Bangkok
477,Harper Jackson,53,Canada,Standard,San Francisco
478,Anthony Thomas,67,Germany,Basic,Seoul
479,Evelyn Smith,52,Canada,Standard,Istanbul
480,Jane Anderson,69,Canada,Standard,Tokyo
481,Michael Anderson,37,USA,Standard,Paris
482,James Garcia,31,Germany,Basic,Chicago
483,Michael Martin,41,India,Premium,Bangkok
484,Charlotte Martin,47,UK,Basic,Chicago
485,Amelia Anderson,44,India,Basic,Madrid
486,Emma Anderson,66,UK,Premium,Mumbai
487,William Williams,61,India,Standard,Tokyo
488,James Garcia,57,Germany,Basic,Cape Town
489,Mia Williams,64,India,Premium,Istanbul
490,Isabella Martinez,37,India,Standard,Cape Town
491,Harper Johnson,34,Canada,Premium,New York
492,Emma Johnson,26,UK,Premium,Hong Kong
493,Mia Rodriguez,19,India,Premium,Mexico City
494,Mark Miller,29,Germany,Basic,Madrid
495,Paul Smith,42,Germany,Premium,New York
496,Anthony Johnson,37,UK,Standard,Istanbul
497,Michael Moore,39,Canada,Basic,Dubai
498,David Rodriguez,54,USA,Premium,San Francisco
499,Evelyn Martin,55,India,Basic,Mumbai
500,Charlotte Johnson,31,UK,Premium,Paris
